#node1	node2	node1_string_internal_id	node2_string_internal_id	node1_external_id	node2_external_id	neighborhood_on_chromosome	gene_fusion	phylogenetic_cooccurrence	homology	coexpression	experimentally_determined_interaction	database_annotated	automated_textmining	combined_score
ACTR2	ARPC5	1856793	1853912	9606.ENSP00000367220	9606.ENSP00000352918	0	0	0	0	0	0.997	0.900	0	0.999
SHFM1	PSMD7	1843917	1842741	9606.ENSP00000248566	9606.ENSP00000219313	0	0	0	0	0	0.994	0.900	0	0.999
B2M	HLA-B	1862817	1860141	9606.ENSP00000452780	9606.ENSP00000399168	0	0	0	0	0	0.985	0.900	0	0.998
B2M	HLA-A	1862817	1856558	9606.ENSP00000452780	9606.ENSP00000366005	0	0	0	0	0	0.975	0.900	0	0.997
B2M	HLA-G	1862817	1853986	9606.ENSP00000452780	9606.ENSP00000353472	0	0	0	0	0	0.975	0.900	0	0.997
HLA-DRB5	HLA-DRB1	1856212	1853944	9606.ENSP00000364114	9606.ENSP00000353099	0	0	0	0.985	0	0.953	0.900	0	0.995
B2M	HLA-C	1862817	1856460	9606.ENSP00000452780	9606.ENSP00000365402	0	0	0	0	0	0.950	0.900	0	0.994
HLA-DRA	HLA-DRB5	1858295	1856212	9606.ENSP00000378786	9606.ENSP00000364114	0	0	0	0.675	0	0.940	0.900	0	0.993
HLA-DRA	HLA-DRB1	1858295	1853944	9606.ENSP00000378786	9606.ENSP00000353099	0	0	0	0.671	0	0.912	0.900	0	0.990
HLA-DRA	CD74	1858295	1842160	9606.ENSP00000378786	9606.ENSP00000009530	0	0	0	0	0	0.878	0.900	0	0.987
S100A9	S100A8	1854861	1854859	9606.ENSP00000357727	9606.ENSP00000357721	0	0	0	0.819	0	0.870	0.900	0	0.986
CTSL1	CD74	1852924	1842160	9606.ENSP00000345344	9606.ENSP00000009530	0	0	0	0	0	0.866	0.900	0	0.986
IL1R2	IL1B	1851300	1845335	9606.ENSP00000330959	9606.ENSP00000263341	0	0	0	0	0	0.866	0.900	0	0.986
FAM98A	DDX1	1843502	1843337	9606.ENSP00000238823	9606.ENSP00000233084	0	0	0	0	0	0.970	0.540	0	0.985
TIMM17A	TIMM23	1854560	1844827	9606.ENSP00000356256	9606.ENSP00000260867	0	0	0	0	0	0.831	0.900	0	0.982
HLA-DRA	HLA-G	1858295	1853986	9606.ENSP00000378786	9606.ENSP00000353472	0	0	0	0.647	0	0.814	0.900	0	0.980
HLA-G	HLA-DRB1	1853986	1853944	9606.ENSP00000353472	9606.ENSP00000353099	0	0	0	0.647	0	0.800	0.900	0	0.979
RHOA	ARHGDIB	1860210	1843176	9606.ENSP00000400175	9606.ENSP00000228945	0	0	0	0	0	0.803	0.900	0	0.979
HLA-DRB1	CD74	1853944	1842160	9606.ENSP00000353099	9606.ENSP00000009530	0	0	0	0	0	0.805	0.900	0	0.979
HLA-DRB5	CD74	1856212	1842160	9606.ENSP00000364114	9606.ENSP00000009530	0	0	0	0	0	0.805	0.900	0	0.979
H3F3A	H3F3B	1854454	1844327	9606.ENSP00000355778	9606.ENSP00000254810	0	0	0	0.989	0	0.800	0.900	0	0.979
MT-CO2	COX6C	1854241	1847885	9606.ENSP00000354876	9606.ENSP00000297564	0	0	0	0	0	0.791	0.900	0	0.978
SNW1	SKIV2L2	1844933	1843261	9606.ENSP00000261531	9606.ENSP00000230640	0	0	0	0	0	0.785	0.900	0	0.977
HNRNPA3	HNRNPA2B1	1858016	1853084	9606.ENSP00000376309	9606.ENSP00000346694	0	0	0	0.648	0	0.774	0.900	0	0.976
DDX1	C22orf28	1843337	1842535	9606.ENSP00000233084	9606.ENSP00000216038	0	0	0	0	0	0.774	0.900	0	0.976
HNRNPA3	SNW1	1858016	1844933	9606.ENSP00000376309	9606.ENSP00000261531	0	0	0	0	0	0.695	0.900	0	0.968
HNRNPC	SNW1	1850172	1844933	9606.ENSP00000319690	9606.ENSP00000261531	0	0	0	0	0	0.697	0.900	0	0.968
HNRNPA2B1	SNW1	1853084	1844933	9606.ENSP00000346694	9606.ENSP00000261531	0	0	0	0	0	0.697	0.900	0	0.968
ACTR2	ACTB	1856793	1853523	9606.ENSP00000367220	9606.ENSP00000349960	0	0	0	0.947	0	0.673	0.900	0	0.965
HSP90AA1	AKT3	1851814	1845421	9606.ENSP00000335153	9606.ENSP00000263826	0	0	0	0	0	0.636	0.900	0	0.962
CXCR4	CCL3	1859216	1843010	9606.ENSP00000386884	9606.ENSP00000225245	0	0	0	0	0	0.821	0.800	0	0.962
ZC3H11A	THOC7	1851564	1847639	9606.ENSP00000333253	9606.ENSP00000295899	0	0	0	0	0	0.617	0.900	0	0.960
CUL2	UBC	1862282	1852861	9606.ENSP00000444856	9606.ENSP00000344818	0	0	0	0	0	0.606	0.900	0	0.958
HLA-B	HLA-C	1860141	1856460	9606.ENSP00000399168	9606.ENSP00000365402	0	0	0	0.983	0	0.599	0.900	0	0.958
CCL4L1	CCL4	1860534	1843996	9606.ENSP00000405533	9606.ENSP00000250151	0	0	0	0.986	0	0.800	0.800	0	0.958
FTL	FTH1	1856660	1846327	9606.ENSP00000366525	9606.ENSP00000273550	0	0	0	0.965	0	0.594	0.900	0	0.957
C1D	SKIV2L2	1853260	1843261	9606.ENSP00000348107	9606.ENSP00000230640	0	0	0	0	0	0.541	0.900	0	0.952
CNOT7	BTG2	1854343	1847240	9606.ENSP00000355279	9606.ENSP00000290551	0	0	0	0	0	0.530	0.900	0	0.951
MYL6	MYL12B	1862334	1843461	9606.ENSP00000446714	9606.ENSP00000237500	0	0	0	0.788	0	0.528	0.900	0	0.950
ARPC5	ACTB	1853912	1853523	9606.ENSP00000352918	9606.ENSP00000349960	0	0	0	0	0	0.527	0.900	0	0.950
YBX1	HNRNPA2B1	1855704	1853084	9606.ENSP00000361626	9606.ENSP00000346694	0	0	0	0	0	0.519	0.900	0	0.949
HNRNPA3	HSPA8	1858016	1843112	9606.ENSP00000376309	9606.ENSP00000227378	0	0	0	0	0	0.508	0.900	0	0.948
DNAJC19	TIMM17A	1857545	1854560	9606.ENSP00000372005	9606.ENSP00000356256	0	0	0	0	0	0.500	0.900	0	0.947
TAF1D	RRN3	1849744	1842378	9606.ENSP00000314971	9606.ENSP00000198767	0	0	0	0	0	0.488	0.900	0	0.946
CUL2	UBB	1862282	1848662	9606.ENSP00000444856	9606.ENSP00000304697	0	0	0	0	0	0.432	0.900	0	0.940
YBX1	SKIV2L2	1855704	1843261	9606.ENSP00000361626	9606.ENSP00000230640	0	0	0	0	0	0.417	0.900	0	0.939
HLA-DPA1	CD74	1859729	1842160	9606.ENSP00000393566	9606.ENSP00000009530	0	0	0	0	0	0.419	0.900	0	0.939
HLA-A	HLA-C	1856558	1856460	9606.ENSP00000366005	9606.ENSP00000365402	0	0	0	0.983	0	0.417	0.900	0	0.939
UBC	NFKBIA	1852861	1842621	9606.ENSP00000344818	9606.ENSP00000216797	0	0	0	0	0	0.412	0.900	0	0.938
TYROBP	TREM1	1845185	1843733	9606.ENSP00000262629	9606.ENSP00000244709	0	0	0	0	0	0.406	0.900	0	0.938
RHOA	UBC	1860210	1852861	9606.ENSP00000400175	9606.ENSP00000344818	0	0	0	0	0	0.410	0.900	0	0.938
RHOA	UBB	1860210	1848662	9606.ENSP00000400175	9606.ENSP00000304697	0	0	0	0	0	0.407	0.900	0	0.938
PAFAH1B1	HSP90AA1	1858470	1851814	9606.ENSP00000380378	9606.ENSP00000335153	0	0	0	0	0	0.409	0.900	0	0.938
HSP90AA1	UBB	1851814	1848662	9606.ENSP00000335153	9606.ENSP00000304697	0	0	0	0	0	0.393	0.900	0	0.936
UBC	HSP90AA1	1852861	1851814	9606.ENSP00000344818	9606.ENSP00000335153	0	0	0	0	0	0.393	0.900	0	0.936
CUL2	HIF1A	1862282	1852062	9606.ENSP00000444856	9606.ENSP00000338018	0	0	0	0	0	0.387	0.900	0	0.936
UIMC1	UBC	1856644	1852861	9606.ENSP00000366434	9606.ENSP00000344818	0	0	0	0	0	0.381	0.900	0	0.935
SH3KBP1	UBC	1858529	1852861	9606.ENSP00000380921	9606.ENSP00000344818	0	0	0	0	0	0.360	0.900	0	0.933
HIF1A	HSP90AA1	1852062	1851814	9606.ENSP00000338018	9606.ENSP00000335153	0	0	0	0	0	0.360	0.900	0	0.933
CD44	SPP1	1860096	1858269	9606.ENSP00000398632	9606.ENSP00000378517	0	0	0	0	0	0.360	0.900	0	0.933
IL1R2	IL1RN	1851300	1844670	9606.ENSP00000330959	9606.ENSP00000259206	0	0	0	0	0	0.360	0.900	0	0.933
SH3KBP1	UBB	1858529	1848662	9606.ENSP00000380921	9606.ENSP00000304697	0	0	0	0	0	0.324	0.900	0	0.929
HLA-DPA1	HLA-DRB1	1859729	1853944	9606.ENSP00000393566	9606.ENSP00000353099	0	0	0	0.684	0	0.301	0.900	0	0.927
HLA-DPA1	HLA-DRB5	1859729	1856212	9606.ENSP00000393566	9606.ENSP00000364114	0	0	0	0.687	0	0.301	0.900	0	0.927
UBC	PSMD7	1852861	1842741	9606.ENSP00000344818	9606.ENSP00000219313	0	0	0	0	0	0.259	0.900	0	0.922
UBC	SHFM1	1852861	1843917	9606.ENSP00000344818	9606.ENSP00000248566	0	0	0	0	0	0.239	0.900	0	0.920
HLA-DPA1	HLA-A	1859729	1856558	9606.ENSP00000393566	9606.ENSP00000366005	0	0	0	0.650	0	0.194	0.900	0	0.916
HLA-B	HLA-A	1860141	1856558	9606.ENSP00000399168	9606.ENSP00000366005	0	0	0	0.985	0	0.200	0.900	0	0.916
ACTR2	UBC	1856793	1852861	9606.ENSP00000367220	9606.ENSP00000344818	0	0	0	0	0	0.186	0.900	0	0.915
UBB	PSMD7	1848662	1842741	9606.ENSP00000304697	9606.ENSP00000219313	0	0	0	0	0	0.177	0.900	0	0.914
HLA-C	HLA-G	1856460	1853986	9606.ENSP00000365402	9606.ENSP00000353472	0	0	0	0.982	0	0.181	0.900	0	0.914
DNAJC19	TIMM23	1857545	1844827	9606.ENSP00000372005	9606.ENSP00000260867	0	0	0	0	0	0.178	0.900	0	0.914
MYL6	TPM3	1862334	1854817	9606.ENSP00000446714	9606.ENSP00000357516	0	0	0	0	0	0.170	0.900	0	0.913
SHFM1	NFKBIA	1843917	1842621	9606.ENSP00000248566	9606.ENSP00000216797	0	0	0	0	0	0.169	0.900	0	0.913
CDC26	UBC	1856062	1852861	9606.ENSP00000363322	9606.ENSP00000344818	0	0	0	0	0	0.170	0.900	0	0.913
CDC26	UBB	1856062	1848662	9606.ENSP00000363322	9606.ENSP00000304697	0	0	0	0	0	0.170	0.900	0	0.913
UBB	SHFM1	1848662	1843917	9606.ENSP00000304697	9606.ENSP00000248566	0	0	0	0	0	0.170	0.900	0	0.913
YBX1	HNRNPC	1855704	1850172	9606.ENSP00000361626	9606.ENSP00000319690	0	0	0	0	0	0.161	0.900	0	0.912
TPM3	MYL12B	1854817	1843461	9606.ENSP00000357516	9606.ENSP00000237500	0	0	0	0	0	0.161	0.900	0	0.912
HLA-A	HLA-DRB5	1856558	1856212	9606.ENSP00000366005	9606.ENSP00000364114	0	0	0	0.664	0	0.156	0.900	0	0.911
HLA-A	HLA-G	1856558	1853986	9606.ENSP00000366005	9606.ENSP00000353472	0	0	0	0.985	0	0.146	0.900	0	0.910
HIF1A	UBB	1852062	1848662	9606.ENSP00000338018	9606.ENSP00000304697	0	0	0	0	0	0.133	0.900	0	0.909
UBC	HIF1A	1852861	1852062	9606.ENSP00000344818	9606.ENSP00000338018	0	0	0	0	0	0.133	0.900	0	0.909
YBX1	SNW1	1855704	1844933	9606.ENSP00000361626	9606.ENSP00000261531	0	0	0	0	0	0.119	0.900	0	0.908
UBB	NFKBIA	1848662	1842621	9606.ENSP00000304697	9606.ENSP00000216797	0	0	0	0	0	0.120	0.900	0	0.908
PSMD7	NFKBIA	1842741	1842621	9606.ENSP00000219313	9606.ENSP00000216797	0	0	0	0	0	0.118	0.900	0	0.908
SNW1	HSPA8	1844933	1843112	9606.ENSP00000261531	9606.ENSP00000227378	0	0	0	0	0	0.123	0.900	0	0.908
HLA-B	HLA-DRA	1860141	1858295	9606.ENSP00000399168	9606.ENSP00000378786	0	0	0	0.649	0	0.109	0.900	0	0.907
MYL6	RHOA	1862334	1860210	9606.ENSP00000446714	9606.ENSP00000400175	0	0	0	0	0	0.112	0.900	0	0.907
HLA-DPA1	HLA-G	1859729	1853986	9606.ENSP00000393566	9606.ENSP00000353472	0	0	0	0	0	0.109	0.900	0	0.907
HLA-DRA	HLA-A	1858295	1856558	9606.ENSP00000378786	9606.ENSP00000366005	0	0	0	0.651	0	0.109	0.900	0	0.907
HLA-DPA1	HLA-C	1859729	1856460	9606.ENSP00000393566	9606.ENSP00000365402	0	0	0	0.648	0	0.109	0.900	0	0.907
HLA-B	HLA-DPA1	1860141	1859729	9606.ENSP00000399168	9606.ENSP00000393566	0	0	0	0.647	0	0.109	0.900	0	0.907
RHOA	MYL12B	1860210	1843461	9606.ENSP00000400175	9606.ENSP00000237500	0	0	0	0	0	0.113	0.900	0	0.907
HLA-DRA	HLA-C	1858295	1856460	9606.ENSP00000378786	9606.ENSP00000365402	0	0	0	0.648	0	0.109	0.900	0	0.907
UBC	HSPA8	1852861	1843112	9606.ENSP00000344818	9606.ENSP00000227378	0	0	0	0	0	0.104	0.900	0	0.906
UBB	HSPA8	1848662	1843112	9606.ENSP00000304697	9606.ENSP00000227378	0	0	0	0	0	0.104	0.900	0	0.906
UBB	VAMP8	1848662	1845428	9606.ENSP00000304697	9606.ENSP00000263864	0	0	0	0	0	0.100	0.900	0	0.906
UBC	VAMP8	1852861	1845428	9606.ENSP00000344818	9606.ENSP00000263864	0	0	0	0	0	0.100	0.900	0	0.906
RHOA	ACTB	1860210	1853523	9606.ENSP00000400175	9606.ENSP00000349960	0	0	0	0	0	0.100	0.900	0	0.906
PAFAH1B1	DYNC1I2	1858470	1858457	9606.ENSP00000380378	9606.ENSP00000380308	0	0	0	0	0	0.091	0.900	0	0.905
HSP90AA1	YWHAE	1851814	1845524	9606.ENSP00000335153	9606.ENSP00000264335	0	0	0	0	0	0.095	0.900	0	0.905
ACTR2	UBB	1856793	1848662	9606.ENSP00000367220	9606.ENSP00000304697	0	0	0	0	0	0.096	0.900	0	0.905
RHOA	PAFAH1B1	1860210	1858470	9606.ENSP00000400175	9606.ENSP00000380378	0	0	0	0	0	0.095	0.900	0	0.905
RFC1	UBB	1857450	1848662	9606.ENSP00000371321	9606.ENSP00000304697	0	0	0	0	0	0.080	0.900	0	0.904
RFC1	UBC	1857450	1852861	9606.ENSP00000371321	9606.ENSP00000344818	0	0	0	0	0	0.080	0.900	0	0.904
ACTB	POLR2K	1853523	1852637	9606.ENSP00000349960	9606.ENSP00000342889	0	0	0	0	0	0.075	0.900	0	0.903
UIMC1	UBB	1856644	1848662	9606.ENSP00000366434	9606.ENSP00000304697	0	0	0	0	0	0.073	0.900	0	0.903
ACTR2	VAMP8	1856793	1845428	9606.ENSP00000367220	9606.ENSP00000263864	0	0	0	0	0	0.079	0.900	0	0.903
HNRNPA3	YBX1	1858016	1855704	9606.ENSP00000376309	9606.ENSP00000361626	0	0	0	0	0	0.072	0.900	0	0.903
RHOA	HSP90AA1	1860210	1851814	9606.ENSP00000400175	9606.ENSP00000335153	0	0	0	0	0	0.070	0.900	0	0.903
HNRNPA2B1	SKIV2L2	1853084	1843261	9606.ENSP00000346694	9606.ENSP00000230640	0	0	0	0	0	0.069	0.900	0	0.902
HNRNPA3	SKIV2L2	1858016	1843261	9606.ENSP00000376309	9606.ENSP00000230640	0	0	0	0	0	0.069	0.900	0	0.902
VAMP8	HSPA8	1845428	1843112	9606.ENSP00000263864	9606.ENSP00000227378	0	0	0	0	0	0.065	0.900	0	0.902
HNRNPC	SKIV2L2	1850172	1843261	9606.ENSP00000319690	9606.ENSP00000230640	0	0	0	0	0	0.069	0.900	0	0.902
RIOK1	RIOK2	1857106	1846831	9606.ENSP00000369162	9606.ENSP00000283109	0	0	0	0.619	0	0.054	0.900	0	0.901
HNRNPC	HSPA8	1850172	1843112	9606.ENSP00000319690	9606.ENSP00000227378	0	0	0	0	0	0.051	0.900	0	0.901
HNRNPA2B1	HSPA8	1853084	1843112	9606.ENSP00000346694	9606.ENSP00000227378	0	0	0	0	0	0.051	0.900	0	0.901
BMS1	RIOK2	1856134	1846831	9606.ENSP00000363642	9606.ENSP00000283109	0	0	0	0	0	0.054	0.900	0	0.901
BMS1	DDX52	1856134	1846048	9606.ENSP00000363642	9606.ENSP00000268854	0	0	0	0	0	0.054	0.900	0	0.901
SKIV2L2	HSPA8	1843261	1843112	9606.ENSP00000230640	9606.ENSP00000227378	0	0	0	0	0	0	0.900	0	0.900
IFITM2	HLA-G	1858764	1853986	9606.ENSP00000382714	9606.ENSP00000353472	0	0	0	0	0	0	0.900	0	0.900
PPAP2A	LPCAT3	1845619	1844905	9606.ENSP00000264775	9606.ENSP00000261407	0	0	0	0	0	0	0.900	0	0.900
POLR2K	RRN3	1852637	1842378	9606.ENSP00000342889	9606.ENSP00000198767	0	0	0	0	0	0	0.900	0	0.900
B2M	HLA-DRA	1862817	1858295	9606.ENSP00000452780	9606.ENSP00000378786	0	0	0	0.781	0	0	0.900	0	0.900
HSP90AA1	DUSP1	1851814	1843515	9606.ENSP00000335153	9606.ENSP00000239223	0	0	0	0	0	0	0.900	0	0.900
POLR2K	TAF1D	1852637	1849744	9606.ENSP00000342889	9606.ENSP00000314971	0	0	0	0	0	0	0.900	0	0.900
PROK2	ANXA1	1847593	1844509	9606.ENSP00000295619	9606.ENSP00000257497	0	0	0	0	0	0	0.900	0	0.900
ARPC5	UBB	1853912	1848662	9606.ENSP00000352918	9606.ENSP00000304697	0	0	0	0	0	0	0.900	0	0.900
POLR2K	UBB	1852637	1848662	9606.ENSP00000342889	9606.ENSP00000304697	0	0	0	0	0	0	0.900	0	0.900
CXCR4	IL8	1859216	1848852	9606.ENSP00000386884	9606.ENSP00000306512	0	0	0	0	0	0	0.900	0	0.900
HLA-A	HLA-DRB1	1856558	1853944	9606.ENSP00000366005	9606.ENSP00000353099	0	0	0	0.660	0	0	0.900	0	0.900
HCAR3	IL8	1862042	1848852	9606.ENSP00000436714	9606.ENSP00000306512	0	0	0	0	0	0	0.900	0	0.900
IFI30	HLA-DRB1	1858992	1853944	9606.ENSP00000384886	9606.ENSP00000353099	0	0	0	0	0	0	0.900	0	0.900
CDC26	PSMD7	1856062	1842741	9606.ENSP00000363322	9606.ENSP00000219313	0	0	0	0	0	0	0.900	0	0.900
TMSB4X	SRGN	1857259	1843628	9606.ENSP00000370007	9606.ENSP00000242465	0	0	0	0	0	0	0.900	0	0.900
HLA-DRB5	LCP2	1856212	1842217	9606.ENSP00000364114	9606.ENSP00000046794	0	0	0	0	0	0	0.900	0	0.900
B2M	CD44	1862817	1860096	9606.ENSP00000452780	9606.ENSP00000398632	0	0	0	0	0	0	0.900	0	0.900
ARPC5	UBC	1853912	1852861	9606.ENSP00000352918	9606.ENSP00000344818	0	0	0	0	0	0	0.900	0	0.900
BMS1	SKIV2L2	1856134	1843261	9606.ENSP00000363642	9606.ENSP00000230640	0	0	0	0	0	0	0.900	0	0.900
POLR2K	SNW1	1852637	1844933	9606.ENSP00000342889	9606.ENSP00000261531	0	0	0	0	0	0	0.900	0	0.900
CXCR4	ANXA1	1859216	1844509	9606.ENSP00000386884	9606.ENSP00000257497	0	0	0	0	0	0	0.900	0	0.900
B2M	IFI30	1862817	1858992	9606.ENSP00000452780	9606.ENSP00000384886	0	0	0	0	0	0	0.900	0	0.900
HLA-A	LCP2	1856558	1842217	9606.ENSP00000366005	9606.ENSP00000046794	0	0	0	0	0	0	0.900	0	0.900
IL8	UBB	1848852	1848662	9606.ENSP00000306512	9606.ENSP00000304697	0	0	0	0	0	0	0.900	0	0.900
IFI30	HLA-DRA	1858992	1858295	9606.ENSP00000384886	9606.ENSP00000378786	0	0	0	0	0	0	0.900	0	0.900
RIOK2	DDX52	1846831	1846048	9606.ENSP00000283109	9606.ENSP00000268854	0	0	0	0	0	0	0.900	0	0.900
PAFAH1B1	SMC3	1858470	1854200	9606.ENSP00000380378	9606.ENSP00000354720	0	0	0	0	0	0	0.900	0	0.900
MCL1	HIF1A	1854935	1852062	9606.ENSP00000358022	9606.ENSP00000338018	0	0	0	0	0	0	0.900	0	0.900
CD44	HLA-DRB1	1860096	1853944	9606.ENSP00000398632	9606.ENSP00000353099	0	0	0	0	0	0	0.900	0	0.900
HCAR2	IL8	1857878	1848852	9606.ENSP00000375066	9606.ENSP00000306512	0	0	0	0	0	0	0.900	0	0.900
IFITM2	HLA-A	1858764	1856558	9606.ENSP00000382714	9606.ENSP00000366005	0	0	0	0	0	0	0.900	0	0.900
RIOK1	DDX52	1857106	1846048	9606.ENSP00000369162	9606.ENSP00000268854	0	0	0	0	0	0	0.900	0	0.900
CDC26	IL8	1856062	1848852	9606.ENSP00000363322	9606.ENSP00000306512	0	0	0	0	0	0	0.900	0	0.900
DYNC1I2	HSP90AA1	1858457	1851814	9606.ENSP00000380308	9606.ENSP00000335153	0	0	0	0	0	0	0.900	0	0.900
POLR2K	LEO1	1852637	1848083	9606.ENSP00000342889	9606.ENSP00000299601	0	0	0	0	0	0	0.900	0	0.900
HLA-B	IFI30	1860141	1858992	9606.ENSP00000399168	9606.ENSP00000384886	0	0	0	0	0	0	0.900	0	0.900
DYNC1I2	HLA-DRB5	1858457	1856212	9606.ENSP00000380308	9606.ENSP00000364114	0	0	0	0	0	0	0.900	0	0.900
CD44	HLA-DRA	1860096	1858295	9606.ENSP00000398632	9606.ENSP00000378786	0	0	0	0	0	0	0.900	0	0.900
POLR2K	HSPA8	1852637	1843112	9606.ENSP00000342889	9606.ENSP00000227378	0	0	0	0	0	0	0.900	0	0.900
HLA-DRB1	CTSL1	1853944	1852924	9606.ENSP00000353099	9606.ENSP00000345344	0	0	0	0	0	0	0.900	0	0.900
HNRNPA3	POLR2K	1858016	1852637	9606.ENSP00000376309	9606.ENSP00000342889	0	0	0	0	0	0	0.900	0	0.900
CD44	HLA-G	1860096	1853986	9606.ENSP00000398632	9606.ENSP00000353472	0	0	0	0	0	0	0.900	0	0.900
GPNMB	HIF1A	1857466	1852062	9606.ENSP00000371420	9606.ENSP00000338018	0	0	0	0	0	0	0.900	0	0.900
HLA-DRA	LCP2	1858295	1842217	9606.ENSP00000378786	9606.ENSP00000046794	0	0	0	0	0	0	0.900	0	0.900
PELI1	IL1B	1853768	1845335	9606.ENSP00000351789	9606.ENSP00000263341	0	0	0	0	0	0	0.900	0	0.900
AK2	PDE8A	1853107	1849424	9606.ENSP00000346921	9606.ENSP00000311453	0	0	0	0	0	0	0.900	0	0.900
HLA-B	VAMP8	1860141	1845428	9606.ENSP00000399168	9606.ENSP00000263864	0	0	0	0	0	0	0.900	0	0.900
HLA-DPA1	DYNC1I2	1859729	1858457	9606.ENSP00000393566	9606.ENSP00000380308	0	0	0	0	0	0	0.900	0	0.900
TYROBP	LCP2	1845185	1842217	9606.ENSP00000262629	9606.ENSP00000046794	0	0	0	0	0	0	0.900	0	0.900
BMS1	C1D	1856134	1853260	9606.ENSP00000363642	9606.ENSP00000348107	0	0	0	0	0	0	0.900	0	0.900
HNRNPA3	HNRNPC	1858016	1850172	9606.ENSP00000376309	9606.ENSP00000319690	0	0	0	0	0	0	0.900	0	0.900
B2M	HLA-DPA1	1862817	1859729	9606.ENSP00000452780	9606.ENSP00000393566	0	0	0	0.831	0	0	0.900	0	0.900
HSP90AA1	HNRNPC	1851814	1850172	9606.ENSP00000335153	9606.ENSP00000319690	0	0	0	0	0	0	0.900	0	0.900
IFI30	HLA-A	1858992	1856558	9606.ENSP00000384886	9606.ENSP00000366005	0	0	0	0	0	0	0.900	0	0.900
IFITM2	HLA-C	1858764	1856460	9606.ENSP00000382714	9606.ENSP00000365402	0	0	0	0	0	0	0.900	0	0.900
HLA-DPA1	CTSL1	1859729	1852924	9606.ENSP00000393566	9606.ENSP00000345344	0	0	0	0	0	0	0.900	0	0.900
POLR2K	HNRNPC	1852637	1850172	9606.ENSP00000342889	9606.ENSP00000319690	0	0	0	0	0	0	0.900	0	0.900
ACTB	TAF1D	1853523	1849744	9606.ENSP00000349960	9606.ENSP00000314971	0	0	0	0	0	0	0.900	0	0.900
UBC	UBB	1852861	1848662	9606.ENSP00000344818	9606.ENSP00000304697	0	0	0	0.990	0	0	0.900	0	0.900
HLA-C	VAMP8	1856460	1845428	9606.ENSP00000365402	9606.ENSP00000263864	0	0	0	0	0	0	0.900	0	0.900
DYNC1I2	HLA-DRA	1858457	1858295	9606.ENSP00000380308	9606.ENSP00000378786	0	0	0	0	0	0	0.900	0	0.900
HLA-B	HLA-DRB1	1860141	1853944	9606.ENSP00000399168	9606.ENSP00000353099	0	0	0	0.656	0	0	0.900	0	0.900
B2M	TYROBP	1862817	1845185	9606.ENSP00000452780	9606.ENSP00000262629	0	0	0	0	0	0	0.900	0	0.900
NABP1	POLR2K	1860427	1852637	9606.ENSP00000403683	9606.ENSP00000342889	0	0	0	0	0	0	0.900	0	0.900
CD44	HLA-DPA1	1860096	1859729	9606.ENSP00000398632	9606.ENSP00000393566	0	0	0	0	0	0	0.900	0	0.900
SRGN	TIMP1	1843628	1842705	9606.ENSP00000242465	9606.ENSP00000218388	0	0	0	0	0	0	0.900	0	0.900
HNRNPA2B1	HNRNPC	1853084	1850172	9606.ENSP00000346694	9606.ENSP00000319690	0	0	0	0	0	0	0.900	0	0.900
UBC	POLR2K	1852861	1852637	9606.ENSP00000344818	9606.ENSP00000342889	0	0	0	0	0	0	0.900	0	0.900
RFC1	POLR2K	1857450	1852637	9606.ENSP00000371321	9606.ENSP00000342889	0	0	0	0	0	0	0.900	0	0.900
CD44	HLA-A	1860096	1856558	9606.ENSP00000398632	9606.ENSP00000366005	0	0	0	0	0	0	0.900	0	0.900
FTL	HSPA8	1856660	1843112	9606.ENSP00000366525	9606.ENSP00000227378	0	0	0	0	0	0	0.900	0	0.900
HLA-B	HLA-DRB5	1860141	1856212	9606.ENSP00000399168	9606.ENSP00000364114	0	0	0	0.648	0	0	0.900	0	0.900
ARPC5	HSPA8	1853912	1843112	9606.ENSP00000352918	9606.ENSP00000227378	0	0	0	0	0	0	0.900	0	0.900
CD44	HLA-C	1860096	1856460	9606.ENSP00000398632	9606.ENSP00000365402	0	0	0	0	0	0	0.900	0	0.900
IFI30	HLA-C	1858992	1856460	9606.ENSP00000384886	9606.ENSP00000365402	0	0	0	0	0	0	0.900	0	0.900
YBX1	HSPA8	1855704	1843112	9606.ENSP00000361626	9606.ENSP00000227378	0	0	0	0	0	0	0.900	0	0.900
TMSB4X	TIMP1	1857259	1842705	9606.ENSP00000370007	9606.ENSP00000218388	0	0	0	0	0	0	0.900	0	0.900
HCAR2	ANXA1	1857878	1844509	9606.ENSP00000375066	9606.ENSP00000257497	0	0	0	0	0	0	0.900	0	0.900
PAFAH1B1	YWHAE	1858470	1845524	9606.ENSP00000380378	9606.ENSP00000264335	0	0	0	0	0	0	0.900	0	0.900
CD44	HLA-DRB5	1860096	1856212	9606.ENSP00000398632	9606.ENSP00000364114	0	0	0	0	0	0	0.900	0	0.900
HLA-B	CD44	1860141	1860096	9606.ENSP00000399168	9606.ENSP00000398632	0	0	0	0	0	0	0.900	0	0.900
POLR2K	IPO8	1852637	1844405	9606.ENSP00000342889	9606.ENSP00000256079	0	0	0	0	0	0	0.900	0	0.900
PTGS2	HPGDS	1854602	1847557	9606.ENSP00000356438	9606.ENSP00000295256	0	0	0	0	0	0	0.900	0	0.900
HLA-DPA1	HLA-DRA	1859729	1858295	9606.ENSP00000393566	9606.ENSP00000378786	0	0	0	0.959	0	0	0.900	0	0.900
HLA-B	IFITM2	1860141	1858764	9606.ENSP00000399168	9606.ENSP00000382714	0	0	0	0	0	0	0.900	0	0.900
FCER1G	LCP2	1847193	1842217	9606.ENSP00000289902	9606.ENSP00000046794	0	0	0	0	0	0	0.900	0	0.900
ACTR2	HSPA8	1856793	1843112	9606.ENSP00000367220	9606.ENSP00000227378	0	0	0	0	0	0.044	0.900	0	0.900
CD44	IFI30	1860096	1858992	9606.ENSP00000398632	9606.ENSP00000384886	0	0	0	0	0	0	0.900	0	0.900
DDX52	SKIV2L2	1846048	1843261	9606.ENSP00000268854	9606.ENSP00000230640	0	0	0	0	0	0.045	0.900	0	0.900
YBX1	POLR2K	1855704	1852637	9606.ENSP00000361626	9606.ENSP00000342889	0	0	0	0	0	0	0.900	0	0.900
UBC	IL8	1852861	1848852	9606.ENSP00000344818	9606.ENSP00000306512	0	0	0	0	0	0	0.900	0	0.900
DYNC1I2	HLA-DRB1	1858457	1853944	9606.ENSP00000380308	9606.ENSP00000353099	0	0	0	0	0	0	0.900	0	0.900
C1D	DDX52	1853260	1846048	9606.ENSP00000348107	9606.ENSP00000268854	0	0	0	0	0	0	0.900	0	0.900
B2M	VAMP8	1862817	1845428	9606.ENSP00000452780	9606.ENSP00000263864	0	0	0	0	0	0	0.900	0	0.900
HNRNPA2B1	POLR2K	1853084	1852637	9606.ENSP00000346694	9606.ENSP00000342889	0	0	0	0	0	0	0.900	0	0.900
CXCR4	HCAR2	1859216	1857878	9606.ENSP00000386884	9606.ENSP00000375066	0	0	0	0.660	0	0	0.900	0	0.900
B2M	HLA-DRB5	1862817	1856212	9606.ENSP00000452780	9606.ENSP00000364114	0	0	0	0.790	0	0	0.900	0	0.900
CDC26	SHFM1	1856062	1843917	9606.ENSP00000363322	9606.ENSP00000248566	0	0	0	0	0	0	0.900	0	0.900
HLA-DRB1	LCP2	1853944	1842217	9606.ENSP00000353099	9606.ENSP00000046794	0	0	0	0	0	0	0.900	0	0.900
HLA-DRB5	HLA-G	1856212	1853986	9606.ENSP00000364114	9606.ENSP00000353472	0	0	0	0.646	0	0	0.900	0	0.900
RIOK1	BMS1	1857106	1856134	9606.ENSP00000369162	9606.ENSP00000363642	0	0	0	0	0	0	0.900	0	0.900
CUL2	CDC26	1862282	1856062	9606.ENSP00000444856	9606.ENSP00000363322	0	0	0	0	0	0	0.900	0	0.900
B2M	HLA-DRB1	1862817	1853944	9606.ENSP00000452780	9606.ENSP00000353099	0	0	0	0.795	0	0	0.900	0	0.900
HLA-DPA1	LCP2	1859729	1842217	9606.ENSP00000393566	9606.ENSP00000046794	0	0	0	0	0	0	0.900	0	0.900
CXCR4	HIF1A	1859216	1852062	9606.ENSP00000386884	9606.ENSP00000338018	0	0	0	0	0	0	0.900	0	0.900
HCAR3	CXCR4	1862042	1859216	9606.ENSP00000436714	9606.ENSP00000386884	0	0	0	0.658	0	0	0.900	0	0.900
WTAP	POLR2K	1853676	1852637	9606.ENSP00000351141	9606.ENSP00000342889	0	0	0	0	0	0	0.900	0	0.900
B2M	LCP2	1862817	1842217	9606.ENSP00000452780	9606.ENSP00000046794	0	0	0	0	0	0	0.900	0	0.900
HLA-C	HLA-DRB1	1856460	1853944	9606.ENSP00000365402	9606.ENSP00000353099	0	0	0	0.646	0	0	0.900	0	0.900
DYNC1I2	CD55	1858457	1849863	9606.ENSP00000380308	9606.ENSP00000316333	0	0	0	0	0	0	0.900	0	0.900
FTL	VAMP8	1856660	1845428	9606.ENSP00000366525	9606.ENSP00000263864	0	0	0	0	0	0	0.900	0	0.900
FTH1	VAMP8	1846327	1845428	9606.ENSP00000273550	9606.ENSP00000263864	0	0	0	0	0	0	0.900	0	0.900
POLR2K	SKIV2L2	1852637	1843261	9606.ENSP00000342889	9606.ENSP00000230640	0	0	0	0	0	0	0.900	0	0.900
IL1B	IL1RN	1845335	1844670	9606.ENSP00000263341	9606.ENSP00000259206	0	0	0	0.693	0	0	0.900	0	0.900
HLA-DPA1	IFI30	1859729	1858992	9606.ENSP00000393566	9606.ENSP00000384886	0	0	0	0	0	0	0.900	0	0.900
HLA-DRA	CTSL1	1858295	1852924	9606.ENSP00000378786	9606.ENSP00000345344	0	0	0	0	0	0	0.900	0	0.900
HLA-C	HLA-DRB5	1856460	1856212	9606.ENSP00000365402	9606.ENSP00000364114	0	0	0	0.643	0	0	0.900	0	0.900
IFI30	HLA-G	1858992	1853986	9606.ENSP00000384886	9606.ENSP00000353472	0	0	0	0	0	0	0.900	0	0.900
HLA-G	VAMP8	1853986	1845428	9606.ENSP00000353472	9606.ENSP00000263864	0	0	0	0	0	0	0.900	0	0.900
CDK8	SNW1	1857394	1844933	9606.ENSP00000370938	9606.ENSP00000261531	0	0	0	0	0	0	0.900	0	0.900
IFI30	HLA-DRB5	1858992	1856212	9606.ENSP00000384886	9606.ENSP00000364114	0	0	0	0	0	0	0.900	0	0.900
DYNC1I2	YWHAE	1858457	1845524	9606.ENSP00000380308	9606.ENSP00000264335	0	0	0	0	0	0	0.900	0	0.900
IL8	ANXA1	1848852	1844509	9606.ENSP00000306512	9606.ENSP00000257497	0	0	0	0	0	0	0.900	0	0.900
MT-CO2	NFKBIA	1854241	1842621	9606.ENSP00000354876	9606.ENSP00000216797	0	0	0	0	0	0	0.900	0	0.900
HLA-B	HLA-G	1860141	1853986	9606.ENSP00000399168	9606.ENSP00000353472	0	0	0	0.981	0	0	0.900	0	0.900
HCAR3	HCAR2	1862042	1857878	9606.ENSP00000436714	9606.ENSP00000375066	0	0	0	0.989	0	0	0.900	0	0.900
FTH1	HSPA8	1846327	1843112	9606.ENSP00000273550	9606.ENSP00000227378	0	0	0	0	0	0.047	0.900	0	0.900
HCAR3	ANXA1	1862042	1844509	9606.ENSP00000436714	9606.ENSP00000257497	0	0	0	0	0	0	0.900	0	0.900
ARPC5	VAMP8	1853912	1845428	9606.ENSP00000352918	9606.ENSP00000263864	0	0	0	0	0	0	0.900	0	0.900
HLA-DRB5	CTSL1	1856212	1852924	9606.ENSP00000364114	9606.ENSP00000345344	0	0	0	0	0	0	0.900	0	0.900
HLA-A	VAMP8	1856558	1845428	9606.ENSP00000366005	9606.ENSP00000263864	0	0	0	0	0	0	0.900	0	0.900
HLA-DRB5	HLA-DQA1	1856212	1852213	9606.ENSP00000364114	9606.ENSP00000339398	0	0	0	0.690	0	0.518	0.800	0	0.899
HLA-DRB1	HLA-DQA1	1853944	1852213	9606.ENSP00000353099	9606.ENSP00000339398	0	0	0	0.682	0	0.518	0.800	0	0.899
HIST1H4C	H3F3A	1856757	1854454	9606.ENSP00000367034	9606.ENSP00000355778	0	0	0	0	0	0.506	0.800	0	0.896
ACTB	MYL12B	1853523	1843461	9606.ENSP00000349960	9606.ENSP00000237500	0	0	0	0	0	0.500	0.800	0	0.895
TIMM23B	TIMM17A	1856044	1854560	9606.ENSP00000363211	9606.ENSP00000356256	0	0	0	0	0	0.747	0.540	0	0.878
HSP90AA1	HSPA8	1851814	1843112	9606.ENSP00000335153	9606.ENSP00000227378	0	0	0	0	0	0.875	0	0	0.875
TMSB4X	ACTB	1857259	1853523	9606.ENSP00000370007	9606.ENSP00000349960	0	0	0	0	0	0.360	0.800	0	0.866
DEFA1	DEFA3	1857558	1851031	9606.ENSP00000372126	9606.ENSP00000328359	0	0	0	0.987	0	0.866	0	0	0.866
MYL6	ACTB	1862334	1853523	9606.ENSP00000446714	9606.ENSP00000349960	0	0	0	0	0	0.315	0.800	0	0.857
GMFG	ACTR2	1864741	1856793	9606.ENSP00000472249	9606.ENSP00000367220	0	0	0	0	0	0.854	0	0	0.854
HSP90AA1	HSP90B1	1851814	1848102	9606.ENSP00000335153	9606.ENSP00000299767	0	0	0	0.833	0	0.295	0.800	0	0.852
HSP90B1	AKT3	1848102	1845421	9606.ENSP00000299767	9606.ENSP00000263826	0	0	0	0	0	0.276	0.800	0	0.849
CXCR4	CCL4	1859216	1843996	9606.ENSP00000386884	9606.ENSP00000250151	0	0	0	0	0	0.145	0.800	0	0.821
CCL3L1	CXCR4	1860750	1859216	9606.ENSP00000408984	9606.ENSP00000386884	0	0	0	0	0	0.145	0.800	0	0.821
CXCR4	CCL2	1859216	1843055	9606.ENSP00000386884	9606.ENSP00000225831	0	0	0	0	0	0.145	0.800	0	0.821
CCL4L1	CXCR4	1860534	1859216	9606.ENSP00000405533	9606.ENSP00000386884	0	0	0	0	0	0.145	0.800	0	0.821
CD44	CD74	1860096	1842160	9606.ENSP00000398632	9606.ENSP00000009530	0	0	0	0	0	0.360	0.720	0	0.813
TLR2	HSPA8	1844747	1843112	9606.ENSP00000260010	9606.ENSP00000227378	0	0	0	0	0	0.097	0.800	0	0.811
HLA-DRA	HLA-DQA1	1858295	1852213	9606.ENSP00000378786	9606.ENSP00000339398	0	0	0	0.957	0	0	0.800	0	0.800
DEFA1B	DEFA1	1857559	1857558	9606.ENSP00000372136	9606.ENSP00000372126	0	0	0	0.987	0	0.800	0	0	0.800
CCL3L1	CCL3	1860750	1843010	9606.ENSP00000408984	9606.ENSP00000225245	0	0	0	0.985	0	0	0.800	0	0.800
CCL4L1	CCL4L2	1860534	1858202	9606.ENSP00000405533	9606.ENSP00000377978	0	0	0	0.987	0	0.800	0	0	0.800
LAPTM5	LAPTM4A	1847490	1842323	9606.ENSP00000294507	9606.ENSP00000175091	0	0	0	0.696	0	0	0.800	0	0.800
DEFA1B	DEFA3	1857559	1851031	9606.ENSP00000372136	9606.ENSP00000328359	0	0	0	0.987	0	0.800	0	0	0.800
CXCR4	CCL22	1859216	1842731	9606.ENSP00000386884	9606.ENSP00000219235	0	0	0	0	0	0	0.800	0	0.800
DYNC1I2	TUBA1B	1858457	1851928	9606.ENSP00000380308	9606.ENSP00000336799	0	0	0	0	0	0	0.800	0	0.800
HLA-DPA1	HLA-DQA1	1859729	1852213	9606.ENSP00000393566	9606.ENSP00000339398	0	0	0	0.952	0	0	0.800	0	0.800
CCL4L2	CCL4	1858202	1843996	9606.ENSP00000377978	9606.ENSP00000250151	0	0	0	0.986	0	0.800	0	0	0.800
TPM3	ACTB	1854817	1853523	9606.ENSP00000357516	9606.ENSP00000349960	0	0	0	0	0	0.782	0	0	0.782
UIMC1	FAM175B	1856644	1847964	9606.ENSP00000366434	9606.ENSP00000298492	0	0	0	0	0	0.774	0	0	0.774
ZC3H11A	RBMS1	1851564	1847513	9606.ENSP00000333253	9606.ENSP00000294904	0	0	0	0	0	0.774	0	0	0.774
G3BP1	RIOK2	1853318	1846831	9606.ENSP00000348578	9606.ENSP00000283109	0	0	0	0	0	0.774	0	0	0.774
EIF3L	RIOK2	1861248	1846831	9606.ENSP00000416892	9606.ENSP00000283109	0	0	0	0	0	0.774	0	0	0.774
ABCD3	AGPS	1855197	1845493	9606.ENSP00000359233	9606.ENSP00000264167	0	0	0	0	0	0.774	0	0	0.774
COX7A2	MT-CO2	1855172	1854241	9606.ENSP00000359098	9606.ENSP00000354876	0	0	0	0	0	0.774	0	0	0.774
ACTR2	CORO1C	1856793	1844902	9606.ENSP00000367220	9606.ENSP00000261401	0	0	0	0	0	0.756	0	0	0.756
ACTB	CORO1C	1853523	1844902	9606.ENSP00000349960	9606.ENSP00000261401	0	0	0	0	0	0.686	0	0	0.686
SLIRP	SNW1	1862728	1844933	9606.ENSP00000450909	9606.ENSP00000261531	0	0	0	0	0	0.669	0	0	0.669
GMFG	ARPC5	1864741	1853912	9606.ENSP00000472249	9606.ENSP00000352918	0	0	0	0	0	0.667	0	0	0.667
SMG1	AKT3	1860349	1845421	9606.ENSP00000402515	9606.ENSP00000263826	0	0	0	0	0	0.667	0	0	0.667
ACTR2	BASP1	1856793	1850133	9606.ENSP00000367220	9606.ENSP00000319281	0	0	0	0	0	0.655	0	0	0.655
ACTB	LCP1	1853523	1849816	9606.ENSP00000349960	9606.ENSP00000315757	0	0	0	0	0	0.654	0	0	0.654
NBPF15	NBPF3	1854974	1849904	9606.ENSP00000358188	9606.ENSP00000316782	0	0	0	0.968	0	0.608	0	0	0.608
POTEF	TUBA1B	1853541	1851928	9606.ENSP00000350052	9606.ENSP00000336799	0	0	0	0	0	0.600	0	0	0.600
POTEE	TUBA1B	1862121	1851928	9606.ENSP00000439189	9606.ENSP00000336799	0	0	0	0	0	0.600	0	0	0.600
TPT1	MCL1	1861891	1854935	9606.ENSP00000431872	9606.ENSP00000358022	0	0	0	0	0	0.578	0	0	0.578
CNOT7	TOB2	1854343	1851328	9606.ENSP00000355279	9606.ENSP00000331305	0	0	0	0	0	0.571	0	0	0.571
LARS	EEF1A1	1858198	1851211	9606.ENSP00000377954	9606.ENSP00000330054	0	0	0	0	0	0.549	0	0	0.549
PAFAH1B1	HSPA8	1858470	1843112	9606.ENSP00000380378	9606.ENSP00000227378	0	0	0	0	0	0.547	0	0	0.547
POTEE	LCP1	1862121	1849816	9606.ENSP00000439189	9606.ENSP00000315757	0	0	0	0	0	0.545	0	0	0.545
POTEE	LOC728888	1862121	1861850	9606.ENSP00000439189	9606.ENSP00000430853	0	0	0	0	0	0.545	0	0	0.545
LOC728888	POTEF	1861850	1853541	9606.ENSP00000430853	9606.ENSP00000350052	0	0	0	0	0	0.545	0	0	0.545
61E3.4	POTEF	1861803	1853541	9606.ENSP00000429734	9606.ENSP00000350052	0	0	0	0	0	0.545	0	0	0.545
NPIPL3	POTEF	1862228	1853541	9606.ENSP00000442633	9606.ENSP00000350052	0	0	0	0	0	0.545	0	0	0.545
LOC613037	POTEF	1861845	1853541	9606.ENSP00000430633	9606.ENSP00000350052	0	0	0	0	0	0.545	0	0	0.545
POTEE	LOC613037	1862121	1861845	9606.ENSP00000439189	9606.ENSP00000430633	0	0	0	0	0	0.545	0	0	0.545
NPIPL3	POTEE	1862228	1862121	9606.ENSP00000442633	9606.ENSP00000439189	0	0	0	0	0	0.545	0	0	0.545
POTEE	61E3.4	1862121	1861803	9606.ENSP00000439189	9606.ENSP00000429734	0	0	0	0	0	0.545	0	0	0.545
POTEF	LCP1	1853541	1849816	9606.ENSP00000350052	9606.ENSP00000315757	0	0	0	0	0	0.545	0	0	0.545
ARPC5	LCP1	1853912	1849816	9606.ENSP00000352918	9606.ENSP00000315757	0	0	0	0	0	0.543	0	0	0.543
POTEE	TPM3	1862121	1854817	9606.ENSP00000439189	9606.ENSP00000357516	0	0	0	0	0	0.541	0	0	0.541
TPM3	POTEF	1854817	1853541	9606.ENSP00000357516	9606.ENSP00000350052	0	0	0	0	0	0.541	0	0	0.541
FAM98A	C22orf28	1843502	1842535	9606.ENSP00000238823	9606.ENSP00000216038	0	0	0	0	0	0	0.540	0	0.540
TIMM23B	TIMM23	1856044	1844827	9606.ENSP00000363211	9606.ENSP00000260867	0	0	0	0.987	0	0	0.540	0	0.540
VDAC3	C8B	1861761	1855442	9606.ENSP00000428845	9606.ENSP00000360281	0	0	0	0	0	0	0.540	0	0.540
LEO1	THOC7	1848083	1847639	9606.ENSP00000299601	9606.ENSP00000295899	0	0	0	0	0	0	0.540	0	0.540
RND3	ARHGDIB	1845431	1843176	9606.ENSP00000263895	9606.ENSP00000228945	0	0	0	0	0	0.532	0	0	0.532
BMS1	DDX18	1856134	1845312	9606.ENSP00000363642	9606.ENSP00000263239	0	0	0	0	0	0.531	0	0	0.531
POTEE	ARPC5	1862121	1853912	9606.ENSP00000439189	9606.ENSP00000352918	0	0	0	0	0	0.527	0	0	0.527
ARPC5	POTEF	1853912	1853541	9606.ENSP00000352918	9606.ENSP00000350052	0	0	0	0	0	0.527	0	0	0.527
RHOA	DDX1	1860210	1843337	9606.ENSP00000400175	9606.ENSP00000233084	0	0	0	0	0	0.526	0	0	0.526
HNRNPA3	GAPDH	1858016	1843185	9606.ENSP00000376309	9606.ENSP00000229239	0	0	0	0	0	0.519	0	0	0.519
RHOA	MPV17	1860210	1843351	9606.ENSP00000400175	9606.ENSP00000233545	0	0	0	0	0	0.519	0	0	0.519
POTEE	ACTR2	1862121	1856793	9606.ENSP00000439189	9606.ENSP00000367220	0	0	0	0.938	0	0.513	0	0	0.513
ACTR2	POTEF	1856793	1853541	9606.ENSP00000367220	9606.ENSP00000350052	0	0	0	0.936	0	0.513	0	0	0.513
LCP1	CORO1C	1849816	1844902	9606.ENSP00000315757	9606.ENSP00000261401	0	0	0	0	0	0.511	0	0	0.511
ACTR2	TPM3	1856793	1854817	9606.ENSP00000367220	9606.ENSP00000357516	0	0	0	0	0	0.509	0	0	0.509
HIST1H4C	H3F3B	1856757	1844327	9606.ENSP00000367034	9606.ENSP00000254810	0	0	0	0	0	0.506	0	0	0.506
H3F3A	SETD7	1854454	1846356	9606.ENSP00000355778	9606.ENSP00000274031	0	0	0	0	0	0.505	0	0	0.505
PPIA	PTMA	1861418	1852830	9606.ENSP00000419425	9606.ENSP00000344547	0	0	0	0	0	0.503	0	0	0.503
TPM3	KYNU	1854817	1845495	9606.ENSP00000357516	9606.ENSP00000264170	0	0	0	0	0	0.503	0	0	0.503
PSAP	PLAUR	1858250	1852201	9606.ENSP00000378394	9606.ENSP00000339328	0	0	0	0	0	0.503	0	0	0.503
SOD2	ZC3H11A	1854504	1851564	9606.ENSP00000356022	9606.ENSP00000333253	0	0	0	0	0	0.503	0	0	0.503
S100A10	CD55	1854887	1849863	9606.ENSP00000357799	9606.ENSP00000316333	0	0	0	0	0	0.503	0	0	0.503
ABCD3	MPV17	1855197	1843351	9606.ENSP00000359233	9606.ENSP00000233545	0	0	0	0	0	0.503	0	0	0.503
SLIRP	HNRNPA2B1	1862728	1853084	9606.ENSP00000450909	9606.ENSP00000346694	0	0	0	0	0	0.503	0	0	0.503
HLA-DQA1	CD74	1852213	1842160	9606.ENSP00000339398	9606.ENSP00000009530	0	0	0	0	0	0.493	0	0	0.493
PGGT1B	RHOA	1860487	1860210	9606.ENSP00000404676	9606.ENSP00000400175	0	0	0	0	0	0.492	0	0	0.491
POTEF	MYL12B	1853541	1843461	9606.ENSP00000350052	9606.ENSP00000237500	0	0	0	0	0	0.479	0	0	0.479
POTEE	MYL12B	1862121	1843461	9606.ENSP00000439189	9606.ENSP00000237500	0	0	0	0	0	0.479	0	0	0.479
MYL6	POTEE	1862334	1862121	9606.ENSP00000446714	9606.ENSP00000439189	0	0	0	0	0	0.479	0	0	0.479
MYL6	POTEF	1862334	1853541	9606.ENSP00000446714	9606.ENSP00000350052	0	0	0	0	0	0.479	0	0	0.479
EEF1A1	DDX1	1851211	1843337	9606.ENSP00000330054	9606.ENSP00000233084	0	0	0	0	0	0.470	0	0	0.470
EIF3L	PSMD7	1861248	1842741	9606.ENSP00000416892	9606.ENSP00000219313	0	0	0	0	0	0.465	0	0	0.465
GAPDH	HSPA8	1843185	1843112	9606.ENSP00000229239	9606.ENSP00000227378	0	0	0	0	0	0.465	0	0	0.465
TUBA1B	NFKBIA	1851928	1842621	9606.ENSP00000336799	9606.ENSP00000216797	0	0	0	0	0	0.462	0	0	0.462
ACTB	EEF1A1	1853523	1851211	9606.ENSP00000349960	9606.ENSP00000330054	0	0	0	0	0	0.457	0	0	0.457
YBX1	EEF1A1	1855704	1851211	9606.ENSP00000361626	9606.ENSP00000330054	0	0	0	0	0	0.456	0	0	0.456
MT-CO2	MT-ND5	1854241	1854223	9606.ENSP00000354876	9606.ENSP00000354813	0	0	0	0	0	0.071	0.435	0	0.452
HSP90B1	TLR2	1848102	1844747	9606.ENSP00000299767	9606.ENSP00000260010	0	0	0	0	0	0.451	0	0	0.451
YWHAE	LCP2	1845524	1842217	9606.ENSP00000264335	9606.ENSP00000046794	0	0	0	0	0	0.446	0	0	0.446
YBX1	DDX1	1855704	1843337	9606.ENSP00000361626	9606.ENSP00000233084	0	0	0	0	0	0.446	0	0	0.446
EEF1A1	GAPDH	1851211	1843185	9606.ENSP00000330054	9606.ENSP00000229239	0	0	0	0	0	0.435	0	0	0.435
MT-CO2	AGPS	1854241	1845493	9606.ENSP00000354876	9606.ENSP00000264167	0	0	0	0	0	0	0.435	0	0.435
HSP90AA1	GAPDH	1851814	1843185	9606.ENSP00000335153	9606.ENSP00000229239	0	0	0	0	0	0.434	0	0	0.434
VDAC3	ATP1A1	1861761	1847591	9606.ENSP00000428845	9606.ENSP00000295598	0	0	0	0	0	0.434	0	0	0.434
MT-CO2	HSP90B1	1854241	1848102	9606.ENSP00000354876	9606.ENSP00000299767	0	0	0	0	0	0.432	0	0	0.432
SUCLG2	HSP90B1	1861409	1848102	9606.ENSP00000419325	9606.ENSP00000299767	0	0	0	0	0	0.431	0	0	0.431
NIT2	NAMPT	1858162	1842925	9606.ENSP00000377696	9606.ENSP00000222553	0	0	0	0	0	0	0.431	0	0.431
PPIAL4A	SNW1	1862118	1844933	9606.ENSP00000439146	9606.ENSP00000261531	0	0	0	0	0	0.430	0	0	0.430
PPIA	SNW1	1861418	1844933	9606.ENSP00000419425	9606.ENSP00000261531	0	0	0	0	0	0.430	0	0	0.430
PPIAL4G	SNW1	1859748	1844933	9606.ENSP00000393845	9606.ENSP00000261531	0	0	0	0	0	0.430	0	0	0.430
CTSL1	CSTB	1852924	1847296	9606.ENSP00000345344	9606.ENSP00000291568	0	0	0	0	0	0.425	0	0	0.425
ACTR2	PSMD7	1856793	1842741	9606.ENSP00000367220	9606.ENSP00000219313	0	0	0	0	0	0.424	0	0	0.424
HSP90B1	HSPA8	1848102	1843112	9606.ENSP00000299767	9606.ENSP00000227378	0	0	0	0	0	0.421	0	0	0.420
TPM3	ATP1A1	1854817	1847591	9606.ENSP00000357516	9606.ENSP00000295598	0	0	0	0	0	0.420	0	0	0.420
IFI30	G3BP1	1858992	1853318	9606.ENSP00000384886	9606.ENSP00000348578	0	0	0	0	0	0.417	0	0	0.417
VDAC3	TMX1	1861761	1859711	9606.ENSP00000428845	9606.ENSP00000393316	0	0	0	0	0	0.417	0	0	0.416
VDAC3	MT-CO2	1861761	1854241	9606.ENSP00000428845	9606.ENSP00000354876	0	0	0	0	0	0.417	0	0	0.416
CD55	MPV17	1849863	1843351	9606.ENSP00000316333	9606.ENSP00000233545	0	0	0	0	0	0.417	0	0	0.416
PTMA	C11orf58	1852830	1843132	9606.ENSP00000344547	9606.ENSP00000228136	0	0	0	0	0	0.417	0	0	0.416
PPIA	KYNU	1861418	1845495	9606.ENSP00000419425	9606.ENSP00000264170	0	0	0	0	0	0.417	0	0	0.416
EEF1A1	C22orf28	1851211	1842535	9606.ENSP00000330054	9606.ENSP00000216038	0	0	0	0	0	0.417	0	0	0.416
SMG1	GAPDH	1860349	1843185	9606.ENSP00000402515	9606.ENSP00000229239	0	0	0	0	0	0.415	0	0	0.414
GK	GAPDH	1856955	1843185	9606.ENSP00000368226	9606.ENSP00000229239	0	0	0	0	0	0	0.415	0	0.414
SMG1	POTEF	1860349	1853541	9606.ENSP00000402515	9606.ENSP00000350052	0	0	0	0	0	0.405	0	0	0.405
POTEE	SMG1	1862121	1860349	9606.ENSP00000439189	9606.ENSP00000402515	0	0	0	0	0	0.405	0	0	0.405
AK2	ATP1A1	1853107	1847591	9606.ENSP00000346921	9606.ENSP00000295598	0	0	0	0	0	0	0.401	0	0.400